feature,ic,rank_ic,n_samples,phase
esg_score,-0.000245641583986021,-0.0051588749769067984,70654,dev
environmental_score,0.00946251170540075,-0.001907430139421342,70654,dev
social_score,-0.006140388983756392,-0.000921783735651812,70654,dev
governance_score,-0.0031443602373498695,-0.006075916083258477,70654,dev
