strategy,holding_days,net_sharpe,net_cagr,net_mdd,net_calmar_ratio
bt20_ens,20,0.52,0.065,-0.11,4.7272727272727275
bt20_short,20,0.65,0.085,-0.085,7.647058823529411
bt120_ens,20,0.42,0.045,-0.09,4.666666666666667
bt120_long,20,0.48,0.055,-0.095,5.052631578947368
