model,baseline_sharpe,optimized_sharpe,baseline_cagr,optimized_cagr,baseline_mdd,optimized_mdd,baseline_calmar,optimized_calmar
bt20_ens,0.09212954217947593,0.46432300635846935,0.0031667101950856313,0.08055286311189502,-0.09556288200439134,-0.14429322448108595,0.03313744969453845,0.558258112268147
bt20_short,0.1950947726642852,0.5498372840601544,0.020065450460338363,0.10380203697491686,-0.10383072909809898,-0.15274203263585284,0.19325156083013326,0.6795905173161327
bt120_ens,0.09212954217947593,0.5931633964116987,0.0031667101950856313,0.5038840688645747,-0.09556288200439134,-0.17645317586680997,0.03313744969453845,2.8556248216519236
bt120_long,0.21633676164986343,0.6833419199258419,0.036540665227437374,0.5558292678504433,-0.08253205214601622,-0.19284778649036716,0.4427451429753546,2.8822175144758906
