group,current_weight,proposed_short,proposed_long,change_short,change_long,abs_ic_short,abs_ic_long,expected_effect_short,expected_effect_long
value,0.25,0.15,0.25,-0.1,0.0,0.02522130979783624,0.03423757629662622,-0.002522130979783624,0.0
profitability,0.25,0.1,0.2,-0.15,-0.04999999999999999,0.00093693102904025,0.02112700006639505,-0.0001405396543560375,-0.0010563500033197522
technical,0.5,0.6,0.4,0.09999999999999998,-0.09999999999999998,0.024825062474969805,0.0384989524893815,0.00248250624749698,-0.0038498952489381486
other,0.25,0.1,0.1,-0.15,-0.15,1.1536516694383528e-16,7.093827355013967e-18,-1.7304775041575292e-17,-1.064074103252095e-18
news,0.1,0.05,0.05,-0.05,-0.05,0.0,0.0,-0.0,-0.0
