ridge_alpha,total_return_dev,total_return_holdout,cagr_dev,cagr_holdout,sharpe_dev,sharpe_holdout
0.1,0.23987717711444212,0.028797652023359044,0.03447532756408034,0.029223695762822688,0.3207261848001597,0.17689569824193235
0.3,0.23987717711444212,0.028797652023359044,0.03447532756408034,0.029223695762822688,0.3207261848001597,0.17689569824193235
0.01,0.23987717711444212,0.028797652023359044,0.03447532756408034,0.029223695762822688,0.3207261848001597,0.17689569824193235
0.5,0.23987717711444212,0.028797652023359044,0.03447532756408034,0.029223695762822688,0.3207261848001597,0.17689569824193235
3.0,0.23987717711444212,0.028797652023359044,0.03447532756408034,0.029223695762822688,0.3207261848001597,0.17689569824193235
10.0,0.23987717711444212,0.028797652023359044,0.03447532756408034,0.029223695762822688,0.3207261848001597,0.17689569824193235
5.0,0.23987717711444212,0.028797652023359044,0.03447532756408034,0.029223695762822688,0.3207261848001597,0.17689569824193235
1.0,0.23987717711444212,0.028797652023359044,0.03447532756408034,0.029223695762822688,0.3207261848001597,0.17689569824193235
