alpha,hit_ratio,ic_mean,icir,objective_score,non_zero_features
1.0,0.36250000000000004,-8.539065803923672e-18,-0.06930284665642564,0.44292091460030725,30
