alpha,hit_ratio,ic_mean,icir,objective_score,non_zero_features
1.0,0.47500000000000003,4.229732861257775e-17,0.49959416001016466,0.504987824800305,30
